"","V1","V2","V3","V4","V5","V6","V7","V8","V9","V10","V11","V12","V13","V14","V15","V16","V17","V18","V19","V20","V21","V22","V23","V24","V25","V26","V27","V28","V29","V30","V31","V32","V33","V34","V35","V36","V37","V38","V39","V40","V41","V42","V43","V44","V45","V46","V47","V48","V49","V50","V51","V52","V53","V54","V55","V56","V57","V58","V59","V60","V61","V62","V63","V64","V65","V66","V67","V68","V69","V70","V71","V72","V73","V74","V75","V76","V77","V78","V79","V80","V81","V82","V83","V84","V85","V86","V87","V88","V89","V90","V91","V92","V93","V94","V95","V96","V97","V98","V99","V100","V101","V102","V103","V104","V105"
"1",9,70,66,12,99,57,20,78,64,31,97,38,6,79,59,30,77,45,33,86,65,24,101,54,22,98,62,2,81,53,7,93,52,4,102,63,25,84,35,15,91,48,27,82,60,19,76,58,26,92,49,34,73,67,13,90,46,28,71,39,32,75,36,8,72,37,23,74,42,3,69,51,10,88,56,16,100,44,1,94,68,14,95,41,29,85,47,11,83,43,17,96,55,21,87,40,18,89,50,5,80,61,103,105,104
"2",79,49,10,71,52,24,80,61,22,82,42,8,70,53,32,75,38,31,74,67,3,98,43,27,81,37,18,100,39,20,89,65,21,95,58,12,85,66,25,96,44,9,69,48,16,88,59,29,77,35,34,99,36,11,101,54,17,83,64,2,97,41,23,84,60,15,102,57,28,87,68,6,86,50,13,94,55,19,93,56,5,76,63,14,90,51,33,72,40,4,73,62,1,92,46,7,78,45,26,91,47,30,105,104,103
"3",6,80,46,30,71,52,15,91,66,12,92,41,24,99,57,25,102,42,4,84,49,11,85,60,22,72,40,26,73,56,18,95,53,17,90,47,19,94,35,20,87,37,32,81,51,31,69,61,3,101,45,27,97,43,33,75,65,10,83,68,8,86,64,1,100,67,5,70,54,2,77,44,9,82,39,29,96,48,23,98,63,34,76,36,21,79,62,28,78,38,14,74,58,13,88,50,7,93,59,16,89,55,103,105,104
"4",18,95,48,1,101,68,8,81,47,6,90,53,25,84,44,5,82,35,22,96,67,29,91,43,30,80,52,2,85,41,23,78,65,7,74,38,3,98,64,31,93,61,9,88,55,10,99,51,33,97,45,17,71,57,32,70,63,24,102,58,21,76,59,34,100,46,13,75,40,12,73,39,19,87,62,26,79,56,11,83,50,27,72,37,14,94,60,15,86,66,16,69,42,4,92,54,28,77,36,20,89,49,103,105,104
"5",7,100,35,24,95,48,31,96,52,14,90,53,3,73,47,25,97,46,21,69,58,27,98,41,33,70,59,4,88,49,12,82,64,20,77,50,15,101,56,23,94,36,11,75,57,8,72,55,16,84,45,29,71,51,22,102,63,28,92,66,30,79,65,26,86,44,9,89,42,10,80,43,5,74,40,19,81,37,17,78,54,34,93,39,6,76,60,32,87,68,18,85,67,2,83,62,13,99,61,1,91,38,103,105,104
"6",99,18,40,71,30,62,85,8,46,90,13,35,95,26,66,81,34,56,101,32,54,70,24,55,82,15,36,100,1,63,69,19,64,77,29,58,75,2,37,72,10,47,78,25,50,97,7,65,79,16,39,88,20,45,83,5,49,91,21,57,93,33,68,96,27,59,76,3,61,73,6,48,80,22,44,86,11,42,102,12,43,84,28,60,89,9,53,94,14,52,92,17,38,74,4,51,87,31,41,98,23,67,105,103,104
"7",41,33,77,65,18,84,49,6,76,61,3,91,64,12,98,46,27,92,62,16,72,42,30,89,58,7,86,45,20,85,67,8,93,40,11,102,35,26,100,63,5,99,66,19,75,68,4,95,52,22,81,56,1,70,60,31,71,53,15,96,57,24,79,43,14,83,36,34,78,37,28,69,44,32,101,39,2,73,38,23,94,50,21,90,59,29,88,55,17,80,51,25,97,54,13,74,47,10,82,48,9,87,104,103,105
"8",17,52,101,6,48,79,29,64,91,25,65,84,13,53,97,27,58,92,12,62,72,32,47,89,28,54,83,24,61,102,16,49,94,2,45,100,15,55,90,20,43,93,4,66,76,31,39,98,1,41,86,10,38,77,11,42,81,18,50,78,9,67,96,14,46,74,22,57,69,8,51,95,26,35,73,34,60,85,3,63,88,21,68,71,19,59,87,30,56,82,7,37,75,23,36,80,33,44,99,5,40,70,103,104,105
"9",87,35,10,96,62,3,73,59,8,76,66,9,92,41,19,97,58,6,77,67,16,72,56,14,91,51,25,102,38,34,88,48,5,83,40,1,79,60,27,86,55,11,69,43,22,90,65,23,81,68,18,85,49,33,93,52,13,71,63,21,99,42,28,98,64,2,84,54,12,80,57,4,75,53,24,101,37,30,70,39,17,94,45,15,74,47,31,89,36,26,82,61,7,78,44,32,100,50,20,95,46,29,105,104,103
"10",20,49,74,11,62,79,17,65,73,27,68,91,2,60,96,6,56,90,10,45,71,9,42,93,25,35,85,19,61,102,26,44,82,22,40,78,4,36,101,23,55,87,14,38,80,18,64,95,1,46,77,8,67,69,15,43,99,31,54,83,33,41,75,24,59,76,30,51,88,12,52,97,16,48,94,28,57,89,32,37,86,7,39,100,29,53,81,13,47,92,21,66,98,3,63,70,5,58,84,34,50,72,103,104,105
"11",72,65,13,92,61,1,95,47,27,85,38,2,86,46,5,74,37,34,102,45,6,90,43,14,80,53,32,81,62,7,82,49,10,75,68,22,70,60,33,88,35,31,89,56,30,78,67,28,101,55,24,84,59,16,71,51,9,93,48,23,100,44,12,77,52,29,83,50,18,96,66,17,69,40,4,87,58,25,99,39,20,79,64,3,97,41,8,73,57,19,91,63,26,76,42,15,98,36,21,94,54,11,105,104,103
"12",4,81,56,31,95,65,34,78,58,15,93,63,7,90,45,3,85,46,8,79,55,24,102,50,2,97,67,1,92,40,18,73,64,29,98,36,16,88,44,17,100,35,13,71,38,19,75,61,21,94,47,23,76,43,25,69,48,6,101,42,11,84,51,28,70,66,5,91,53,27,72,54,10,74,57,14,82,62,22,89,59,9,87,49,20,96,68,26,83,52,12,77,41,33,80,39,32,86,37,30,99,60,103,105,104
"13",80,55,26,84,41,7,75,53,11,76,36,5,79,64,34,71,38,1,81,58,18,98,44,27,72,67,30,86,59,3,73,61,23,92,66,31,87,43,32,85,47,17,100,63,20,83,62,10,93,56,9,88,50,19,101,37,29,82,68,25,77,35,6,102,52,16,74,42,24,99,48,15,70,45,4,97,40,21,69,54,2,78,57,14,91,65,8,94,60,22,96,49,13,95,51,12,90,46,33,89,39,28,105,104,103
"14",93,67,4,82,40,19,80,54,32,98,52,15,89,65,34,88,57,13,81,38,31,95,68,10,101,49,12,90,51,7,86,55,30,91,43,3,79,48,11,74,44,27,92,60,29,83,59,24,87,45,6,100,42,21,84,66,28,75,35,16,72,63,5,78,39,9,70,46,17,73,62,23,77,36,25,99,53,18,97,37,8,102,58,14,96,47,22,69,50,1,85,56,26,94,41,2,71,61,33,76,64,20,105,104,103
"15",92,18,48,100,7,51,83,33,36,85,20,49,80,11,40,84,34,56,94,27,63,82,8,46,77,22,64,76,28,38,71,2,44,86,19,45,81,16,42,97,23,55,89,30,61,93,29,35,102,12,52,99,32,53,75,5,57,96,24,66,79,26,37,90,25,62,98,10,50,69,1,59,72,17,60,70,21,39,101,3,41,73,6,68,88,31,47,78,13,54,91,15,65,74,9,67,87,14,58,95,4,43,105,103,104
"16",55,20,74,49,9,72,41,13,91,65,7,82,64,28,95,44,10,85,35,2,87,46,26,71,45,30,92,36,4,79,47,11,81,56,17,75,66,5,70,42,19,88,39,15,102,58,8,99,67,27,90,51,21,100,63,22,80,43,3,73,62,33,78,54,25,76,59,16,93,57,12,98,53,6,86,60,18,94,40,32,96,68,34,77,52,24,97,61,14,83,50,1,84,37,29,101,38,23,89,48,31,69,104,103,105
"17",70,54,4,89,46,34,79,62,13,96,60,23,76,63,11,97,65,16,75,64,7,84,58,5,85,47,24,71,52,6,78,44,12,98,48,1,88,68,28,69,66,27,80,49,33,94,53,32,83,67,19,77,37,9,100,51,21,87,43,15,102,56,29,72,61,20,86,59,22,95,41,26,101,45,30,81,36,3,82,38,17,90,57,18,93,40,31,92,39,8,73,42,14,99,55,2,91,35,25,74,50,10,105,104,103
"18",29,69,46,26,101,62,33,100,67,5,78,55,3,92,59,23,82,53,17,71,40,20,72,38,16,91,65,13,83,36,24,96,44,27,84,54,6,95,47,14,94,41,34,102,60,8,85,61,22,89,35,2,98,48,32,99,42,4,80,64,1,81,52,9,74,51,28,90,50,31,87,39,7,97,37,25,76,45,21,70,43,18,86,58,12,79,56,15,93,68,30,75,57,19,88,63,10,73,66,11,77,49,103,105,104
"19",64,93,2,61,99,15,55,70,21,56,91,1,42,102,7,41,96,3,65,69,6,44,73,19,38,79,29,49,72,24,48,75,10,54,87,13,62,86,26,40,97,33,39,101,4,36,88,32,57,78,9,59,94,18,46,74,12,43,92,30,67,81,22,37,76,34,35,83,28,63,95,31,53,89,23,47,80,17,66,90,11,51,84,16,45,98,25,68,77,14,58,85,8,50,71,20,52,100,5,60,82,27,104,105,103
"20",30,73,56,27,89,53,12,69,51,22,82,65,32,75,60,33,88,43,7,98,58,5,81,37,15,87,49,17,84,52,24,90,63,26,77,48,1,76,59,25,99,62,10,72,46,20,100,61,14,91,40,8,83,54,13,80,45,28,85,68,21,74,42,2,71,55,18,86,35,6,78,50,11,94,44,4,102,36,31,93,47,34,97,41,3,95,67,23,92,39,16,79,66,19,70,38,29,96,64,9,101,57,103,105,104
"21",98,62,25,85,42,8,80,43,20,83,56,7,100,46,33,81,49,29,82,57,4,87,68,5,95,51,34,74,36,28,96,41,18,97,53,32,79,38,3,102,59,16,69,48,6,94,63,2,78,58,13,84,55,9,77,52,11,75,61,17,101,39,1,89,64,15,86,45,23,73,54,30,90,44,10,93,37,26,99,35,14,72,65,24,88,47,21,91,67,19,71,50,31,70,40,12,76,60,22,92,66,27,105,104,103
"22",76,68,9,92,36,18,79,66,33,96,37,19,89,38,29,71,56,24,97,47,22,83,53,25,74,55,13,72,35,12,87,45,32,82,44,21,86,42,17,81,52,30,93,48,15,78,46,1,95,63,14,94,61,3,101,58,23,85,51,11,98,43,7,69,59,10,102,65,20,80,54,27,88,39,26,70,41,31,91,62,16,100,50,34,73,40,5,84,60,6,99,64,4,90,67,8,77,49,28,75,57,2,105,104,103
"23",82,47,15,102,60,4,89,42,9,92,66,22,98,65,25,85,40,13,70,59,32,78,36,33,93,43,27,77,55,34,90,58,29,100,57,21,96,38,12,72,49,8,99,45,28,95,56,2,94,52,14,71,61,17,75,46,31,101,62,19,73,63,16,79,35,6,69,41,3,76,67,24,87,54,11,88,64,26,84,44,20,80,51,30,91,53,1,86,48,23,81,39,18,74,50,5,97,37,7,83,68,10,105,104,103
"24",14,65,97,10,40,86,29,61,74,20,58,75,25,59,69,34,67,102,13,55,93,31,50,79,32,44,89,12,41,98,23,35,70,18,36,95,26,51,88,27,49,73,16,43,87,33,48,76,8,53,81,1,63,80,19,54,77,6,60,100,4,57,82,21,68,99,30,52,78,5,46,96,9,39,101,28,38,72,3,56,84,22,42,90,24,45,92,2,37,71,15,62,83,11,47,85,17,64,94,7,66,91,103,104,105
"25",95,64,19,80,49,27,101,67,8,72,48,32,71,42,6,97,38,34,78,59,26,86,45,16,73,55,2,100,62,12,75,54,15,76,46,18,91,68,33,82,58,24,88,35,28,70,60,7,99,41,23,96,61,29,81,63,21,84,51,30,98,52,1,89,37,20,87,39,4,77,53,9,92,43,13,93,40,14,69,36,3,83,44,25,94,47,22,102,57,11,79,56,31,74,65,17,90,50,10,85,66,5,105,104,103
"26",40,2,76,68,6,69,36,32,93,45,28,87,59,8,83,64,14,72,46,27,85,62,24,84,55,9,97,61,22,86,67,19,99,56,4,91,53,18,75,47,1,88,52,30,82,58,7,80,42,15,94,51,10,90,39,21,96,43,25,92,38,33,102,60,23,98,35,16,78,65,12,71,50,5,77,66,29,95,44,34,70,37,26,79,63,20,100,57,11,73,49,31,81,48,13,101,41,17,89,54,3,74,104,103,105
"27",41,33,78,51,5,88,52,29,97,57,16,73,58,13,93,47,17,83,45,4,94,36,1,80,39,10,82,62,12,74,53,25,95,66,28,101,50,21,69,42,26,90,35,30,79,61,27,92,38,34,98,64,6,84,43,24,102,55,2,81,60,7,71,65,32,85,67,22,72,46,18,96,59,31,70,40,8,99,48,23,91,49,9,76,44,14,89,56,19,100,68,11,77,63,20,86,37,3,75,54,15,87,104,103,105
"28",1,84,48,5,81,66,17,98,57,29,86,52,6,74,61,25,75,50,3,73,53,28,78,54,20,92,45,33,89,35,24,77,46,22,93,62,21,94,64,26,79,44,18,87,37,12,99,58,13,88,49,23,102,65,34,85,63,16,100,59,11,91,36,9,76,55,32,71,51,7,97,43,19,101,41,15,95,38,8,69,40,10,70,56,2,72,68,4,83,39,27,90,60,14,82,42,31,96,67,30,80,47,103,105,104
"29",48,3,88,38,10,83,66,4,75,42,12,100,43,19,80,36,2,74,56,28,71,35,29,82,68,5,101,60,9,72,37,34,69,65,17,79,67,11,95,62,22,70,55,8,99,59,27,85,46,23,84,61,14,91,41,30,102,57,15,98,49,24,73,47,20,90,52,32,96,64,33,89,54,21,93,39,13,87,45,18,81,40,31,77,53,25,92,44,7,94,51,16,97,63,6,86,50,1,76,58,26,78,104,103,105
"30",50,88,3,60,101,22,39,99,16,51,71,18,35,89,14,47,91,5,53,93,32,59,85,8,64,100,34,55,98,4,45,69,2,61,76,17,65,79,24,48,86,31,68,97,7,43,94,33,42,83,10,44,77,30,49,73,28,52,72,19,37,96,6,67,90,25,41,84,1,38,78,15,57,87,11,66,92,13,36,82,21,40,102,12,62,74,29,56,75,20,63,81,26,58,70,9,54,80,23,46,95,27,104,105,103
